{
  "pending": [],
  "auto_delivered": [
    {
      "invoice": "284187028",
      "product": "Perplexity AI Pro Private Account | 1 Month",
      "email": "kokomanile2@gmail.com",
      "message": "hi",
      "timestamp": "2026-02-03 20:51:10",
      "requires_attention": false,
      "auto_delivered": true
    },
    {
      "invoice": "284187028",
      "product": "Perplexity AI Pro Private Account | 1 Month",
      "email": "kokomanile2@gmail.com",
      "message": "hh",
      "message_id": 222049964,
      "timestamp": "2026-02-03 20:55:30",
      "requires_attention": false,
      "auto_delivered": true
    }
  ]
}