{
  "version": 1,
  "jobs": [
    {
      "id": "22930363-36b4-4998-a1e0-e517ab3ce8f6",
      "agentId": "main",
      "name": "chat_monitor",
      "enabled": true,
      "createdAtMs": 1770151020574,
      "updatedAtMs": 1770318577552,
      "schedule": {
        "kind": "every",
        "everyMs": 300000
      },
      "sessionTarget": "main",
      "wakeMode": "next-heartbeat",
      "payload": {
        "kind": "systemEvent",
        "text": "Check Plati chat queue and report any new messages requiring attention. Use: cd /root/.openclaw/workspace/business/digital-goods && python3 chat_monitor.py --check"
      },
      "state": {
        "nextRunAtMs": 1770318877552,
        "lastRunAtMs": 1770318577552,
        "lastStatus": "ok",
        "lastDurationMs": 0
      }
    },
    {
      "id": "350c8b1b-6e5f-45ee-992c-7215207dbd78",
      "agentId": "main",
      "name": "hello_3pm_test",
      "enabled": false,
      "createdAtMs": 1770213550825,
      "updatedAtMs": 1770213600000,
      "schedule": {
        "kind": "at",
        "atMs": 1770213600000
      },
      "sessionTarget": "main",
      "wakeMode": "next-heartbeat",
      "payload": {
        "kind": "systemEvent",
        "text": "Use the message tool to send '👋 Hello! Scheduled message at 3:00 PM working!' to telegram:8239297708"
      },
      "state": {
        "lastRunAtMs": 1770213600000,
        "lastStatus": "ok",
        "lastDurationMs": 4
      }
    },
    {
      "id": "849de2b9-e02d-4b14-8685-2e0db9c86c65",
      "agentId": "main",
      "name": "hello_302pm",
      "enabled": false,
      "createdAtMs": 1770213661713,
      "updatedAtMs": 1770213720000,
      "schedule": {
        "kind": "at",
        "atMs": 1770213720000
      },
      "sessionTarget": "main",
      "wakeMode": "next-heartbeat",
      "payload": {
        "kind": "systemEvent",
        "text": "Use the message tool to send '👋 Hello! This is your 3:02 PM scheduled test message!' to telegram:8239297708"
      },
      "state": {
        "lastRunAtMs": 1770213720000,
        "lastStatus": "ok",
        "lastDurationMs": 4
      }
    },
    {
      "id": "6d299d86-bcd8-49e1-80d7-3d4c85b98f79",
      "agentId": "main",
      "name": "hello_307pm",
      "enabled": false,
      "createdAtMs": 1770213926272,
      "updatedAtMs": 1770214020000,
      "schedule": {
        "kind": "at",
        "atMs": 1770214020000
      },
      "sessionTarget": "isolated",
      "wakeMode": "next-heartbeat",
      "payload": {
        "kind": "agentTurn",
        "message": "Run this command: cd /root/.openclaw/workspace/business/digital-goods && python3 telegram_sender.py \"👋 Hello! This is your scheduled 3:07 PM message!\"",
        "model": "moonshot/kimi-k2.5"
      },
      "state": {
        "lastRunAtMs": 1770214020000,
        "lastStatus": "ok",
        "lastDurationMs": 9395
      }
    },
    {
      "id": "579f623c-046d-4b4b-9e9d-ba760ca073a3",
      "agentId": "main",
      "name": "daily_news_sender",
      "enabled": true,
      "createdAtMs": 1770213956578,
      "updatedAtMs": 1770274800000,
      "schedule": {
        "kind": "cron",
        "expr": "0 8 * * *",
        "tz": "Europe/Berlin"
      },
      "sessionTarget": "isolated",
      "wakeMode": "next-heartbeat",
      "payload": {
        "kind": "agentTurn",
        "message": "Run this command: cd /root/.openclaw/workspace/business/digital-goods && python3 daily_news_sender.py",
        "model": "moonshot/kimi-k2.5"
      },
      "state": {
        "nextRunAtMs": 1770361200000,
        "lastRunAtMs": 1770274800000,
        "lastStatus": "ok",
        "lastDurationMs": 13201
      }
    },
    {
      "id": "8e71b874-90c9-4f8f-b337-2dba041eee97",
      "agentId": "main",
      "name": "hello_310pm",
      "enabled": false,
      "createdAtMs": 1770214058456,
      "updatedAtMs": 1770214200002,
      "schedule": {
        "kind": "at",
        "atMs": 1770214200000
      },
      "sessionTarget": "isolated",
      "wakeMode": "next-heartbeat",
      "payload": {
        "kind": "agentTurn",
        "message": "Run this command: cd /root/.openclaw/workspace/business/digital-goods && python3 telegram_sender.py \"👋 Hello! This is your 3:10 PM test message - working perfectly!\"",
        "model": "moonshot/kimi-k2.5"
      },
      "state": {
        "lastRunAtMs": 1770214200002,
        "lastStatus": "ok",
        "lastDurationMs": 9393
      }
    },
    {
      "id": "9bb76821-674b-455b-82f0-1566a20ea4a2",
      "agentId": "main",
      "name": "chat_alert_test_317pm",
      "enabled": false,
      "createdAtMs": 1770214365462,
      "updatedAtMs": 1770214620002,
      "schedule": {
        "kind": "at",
        "atMs": 1770214620000
      },
      "sessionTarget": "isolated",
      "wakeMode": "next-heartbeat",
      "payload": {
        "kind": "agentTurn",
        "message": "Run this command: cd /root/.openclaw/workspace/business/digital-goods && python3 chat_alert.py",
        "model": "moonshot/kimi-k2.5"
      },
      "state": {
        "lastRunAtMs": 1770214620002,
        "lastStatus": "ok",
        "lastDurationMs": 10039
      }
    },
    {
      "id": "6fb6392c-9f05-4363-a55c-0eb2515eacd3",
      "agentId": "main",
      "name": "chat_alert_15min",
      "enabled": true,
      "createdAtMs": 1770300606571,
      "updatedAtMs": 1770318562082,
      "schedule": {
        "kind": "every",
        "everyMs": 900000
      },
      "sessionTarget": "isolated",
      "wakeMode": "next-heartbeat",
      "payload": {
        "kind": "agentTurn",
        "message": "Run this command: cd /root/.openclaw/workspace/business/digital-goods && python3 chat_alert.py",
        "model": "moonshot/kimi-k2.5"
      },
      "state": {
        "nextRunAtMs": 1770319477550,
        "lastRunAtMs": 1770318562082,
        "lastStatus": "ok",
        "lastDurationMs": 15465
      }
    }
  ]
}